{"graph": {"_type": "graph-file", "sha256": "0829d50e4b257c848108645399dd83c9a8787f8257256f1f63b36fa2e7ae7203", "size": 935, "path": "media/graph/graph_summary_0829d50e4b257c848108.graph.json"}, "epoch": 0, "_timestamp": 1688509691.408334, "loss": 1.452051043510437, "accuracy": 0.22380881011486053, "val_loss": 0.3668837249279022, "val_accuracy": 0.2692040801048279, "_runtime": 1155.596920967102, "_step": 319, "best_val_loss": 0.35851314663887024, "best_epoch": 0, "_wandb": {"runtime": 1155}}