{"graph": {"_type": "graph-file", "sha256": "0829d50e4b257c848108645399dd83c9a8787f8257256f1f63b36fa2e7ae7203", "size": 935, "path": "media/graph/graph_summary_0829d50e4b257c848108.graph.json"}, "epoch": 0, "_timestamp": 1688558939.801453, "loss": 1.5837804079055786, "accuracy": 0.18356390297412872, "val_loss": 0.5499129891395569, "val_accuracy": 0.21936734020709991, "_runtime": 1164.0168190002441, "_step": 319, "best_val_loss": 0.5271201133728027, "best_epoch": 0, "_wandb": {"runtime": 1163}}