{"graph": {"_type": "graph-file", "sha256": "0829d50e4b257c848108645399dd83c9a8787f8257256f1f63b36fa2e7ae7203", "size": 935, "path": "media/graph/graph_summary_0829d50e4b257c848108.graph.json"}, "epoch": 0, "_timestamp": 1687884434.5986183, "loss": 3.371703624725342, "accuracy": 0.049846403300762177, "val_loss": 1.278198480606079, "val_accuracy": 0.0738571435213089, "_runtime": 130.5635051727295, "_step": 4, "best_val_loss": 1.278198480606079, "best_epoch": 0}