{"graph": {"_type": "graph-file", "sha256": "0829d50e4b257c848108645399dd83c9a8787f8257256f1f63b36fa2e7ae7203", "size": 935, "path": "media/graph/graph_summary_0829d50e4b257c848108.graph.json"}, "epoch": 0, "_timestamp": 1688414978.7702742, "loss": 1.4103245735168457, "accuracy": 0.23861224949359894, "val_loss": 0.33061426877975464, "val_accuracy": 0.281938761472702, "_runtime": 2895.1703860759735, "_step": 822, "best_val_loss": 0.2634972035884857, "best_epoch": 0, "_wandb": {"runtime": 2897}}