{"graph": {"_type": "graph-file", "sha256": "6207f3a9f2c995941e12b70b9ec616bee367e3e16d9801cb9df6d3310f42587d", "size": 937, "path": "media/graph/graph_summary_6207f3a9f2c995941e12.graph.json"}, "epoch": 0, "_timestamp": 1688372881.913274, "loss": 1.3186150789260864, "accuracy": 0.040261007845401764, "val_loss": 1.142198085784912, "val_accuracy": 0.04100000113248825, "_runtime": 226.67029809951782, "_step": 69, "best_val_loss": 1.1213630437850952, "best_epoch": 0, "_wandb": {"runtime": 227}}