{"graph": {"_type": "graph-file", "sha256": "0829d50e4b257c848108645399dd83c9a8787f8257256f1f63b36fa2e7ae7203", "size": 935, "path": "media/graph/graph_summary_0829d50e4b257c848108.graph.json"}, "epoch": 0, "_timestamp": 1688503017.8126788, "loss": 1.4144773483276367, "accuracy": 0.23483888804912567, "val_loss": 0.3208882808685303, "val_accuracy": 0.2786530554294586, "_runtime": 1201.3653497695923, "_step": 335, "best_val_loss": 0.31742969155311584, "best_epoch": 0, "_wandb": {"runtime": 1200}}