{"graph": {"_type": "graph-file", "sha256": "0829d50e4b257c848108645399dd83c9a8787f8257256f1f63b36fa2e7ae7203", "size": 935, "path": "media/graph/graph_summary_0829d50e4b257c848108.graph.json"}, "epoch": 0, "_timestamp": 1688374232.43084, "loss": 1.5092685222625732, "accuracy": 0.21076154708862305, "val_loss": 0.43569526076316833, "val_accuracy": 0.2534489929676056, "_runtime": 1199.8331520557404, "_step": 335, "best_val_loss": 0.4313083291053772, "best_epoch": 0, "_wandb": {"runtime": 1199}}