{"graph": {"_type": "graph-file", "sha256": "0829d50e4b257c848108645399dd83c9a8787f8257256f1f63b36fa2e7ae7203", "size": 935, "path": "media/graph/graph_summary_0829d50e4b257c848108.graph.json"}, "epoch": 0, "_timestamp": 1688497719.5921862, "loss": 1.4331490993499756, "accuracy": 0.22851772606372833, "val_loss": 0.3377844989299774, "val_accuracy": 0.27540814876556396, "_runtime": 1193.4812932014465, "_step": 319, "best_val_loss": 0.3377844989299774, "best_epoch": 0, "_wandb": {"runtime": 1195}}