{"graph": {"_type": "graph-file", "sha256": "0829d50e4b257c848108645399dd83c9a8787f8257256f1f63b36fa2e7ae7203", "size": 935, "path": "media/graph/graph_summary_0829d50e4b257c848108.graph.json"}, "epoch": 0, "_timestamp": 1687688126.9675853, "loss": 3.043804407119751, "accuracy": 0.15616004168987274, "val_loss": 0.5144277215003967, "val_accuracy": 0.2829795777797699, "_runtime": 355.59742522239685, "_step": 39, "best_val_loss": 0.48942747712135315, "best_epoch": 0, "_wandb": {"runtime": 355}}