{"graph": {"_type": "graph-file", "sha256": "a993f058b340628f871ea7a44ea9be449d0fb54fd940b69283583d0c423c025a", "size": 1127, "path": "media/graph/graph_summary_a993f058b340628f871e.graph.json"}, "epoch": 0, "_timestamp": 1688374645.747954, "loss": NaN, "accuracy": 0.6297110915184021, "val_loss": NaN, "val_accuracy": 0.6301224231719971, "_runtime": 316.4770538806915, "_step": 90, "best_val_loss": 2.2466931343078613, "best_epoch": 0, "_wandb": {"runtime": 316}}