{"graph": {"_type": "graph-file", "sha256": "0829d50e4b257c848108645399dd83c9a8787f8257256f1f63b36fa2e7ae7203", "size": 935, "path": "media/graph/graph_summary_0829d50e4b257c848108.graph.json"}, "epoch": 0, "_timestamp": 1688458117.772108, "loss": 1.4322223663330078, "accuracy": 0.2284242808818817, "val_loss": 0.33773472905158997, "val_accuracy": 0.2767142951488495, "_runtime": 1205.5397281646729, "_step": 331, "best_val_loss": 0.33773472905158997, "best_epoch": 0, "_wandb": {"runtime": 1207}}