{"graph": {"_type": "graph-file", "sha256": "0829d50e4b257c848108645399dd83c9a8787f8257256f1f63b36fa2e7ae7203", "size": 935, "path": "media/graph/graph_summary_0829d50e4b257c848108.graph.json"}, "epoch": 0, "_timestamp": 1687687446.4920537, "loss": 3.0647706985473633, "accuracy": 0.14816325902938843, "val_loss": 0.5130236148834229, "val_accuracy": 0.27706122398376465, "_runtime": 222.82944583892822, "_step": 19, "best_val_loss": 0.5084734559059143, "best_epoch": 0, "_wandb": {"runtime": 222}}