{"graph": {"_type": "graph-file", "sha256": "0829d50e4b257c848108645399dd83c9a8787f8257256f1f63b36fa2e7ae7203", "size": 935, "path": "media/graph/graph_summary_0829d50e4b257c848108.graph.json"}, "epoch": 0, "_timestamp": 1687884250.1970806, "loss": 3.383474111557007, "accuracy": 0.049692802131175995, "val_loss": 1.2868281602859497, "val_accuracy": 0.06504081934690475, "_runtime": 106.23254561424255, "_step": 3, "best_val_loss": 1.2868281602859497, "best_epoch": 0, "_wandb": {"runtime": 130}}