{"graph": {"_type": "graph-file", "sha256": "0829d50e4b257c848108645399dd83c9a8787f8257256f1f63b36fa2e7ae7203", "size": 935, "path": "media/graph/graph_summary_0829d50e4b257c848108.graph.json"}, "epoch": 0, "_timestamp": 1687691192.2718685, "loss": 3.038200855255127, "accuracy": 0.1547228842973709, "val_loss": 0.515755295753479, "val_accuracy": 0.2791224420070648, "_runtime": 802.6643414497375, "_step": 75, "best_val_loss": 0.5077652335166931, "best_epoch": 0, "_wandb": {"runtime": 813}}