{"graph": {"_type": "graph-file", "sha256": "0829d50e4b257c848108645399dd83c9a8787f8257256f1f63b36fa2e7ae7203", "size": 935, "path": "media/graph/graph_summary_0829d50e4b257c848108.graph.json"}, "epoch": 0, "_timestamp": 1688411118.542135, "loss": 1.3760040998458862, "accuracy": 0.2502674460411072, "val_loss": 0.25175046920776367, "val_accuracy": 0.29899999499320984, "_runtime": 5398.38082408905, "_step": 1511, "best_val_loss": 0.2508425712585449, "best_epoch": 0, "_wandb": {"runtime": 5397}}