{"graph": {"_type": "graph-file", "sha256": "0829d50e4b257c848108645399dd83c9a8787f8257256f1f63b36fa2e7ae7203", "size": 935, "path": "media/graph/graph_summary_0829d50e4b257c848108.graph.json"}, "epoch": 0, "_timestamp": 1687692330.9176185, "loss": 3.0436980724334717, "accuracy": 0.15320193767547607, "val_loss": 0.5306286215782166, "val_accuracy": 0.27587756514549255, "_runtime": 966.4619204998016, "_step": 100, "best_val_loss": 0.5232699513435364, "best_epoch": 0, "_wandb": {"runtime": 977}}