{"graph": {"_type": "graph-file", "sha256": "0829d50e4b257c848108645399dd83c9a8787f8257256f1f63b36fa2e7ae7203", "size": 935, "path": "media/graph/graph_summary_0829d50e4b257c848108.graph.json"}, "epoch": 0, "_timestamp": 1688383212.071759, "loss": 0.8794862031936646, "accuracy": 0.255425363779068, "val_loss": 0.34933069348335266, "val_accuracy": 0.27720409631729126, "_runtime": 1108.7554750442505, "_step": 302, "best_val_loss": 0.331086128950119, "best_epoch": 0, "_wandb": {"runtime": 1111}}