{"graph": {"_type": "graph-file", "sha256": "0829d50e4b257c848108645399dd83c9a8787f8257256f1f63b36fa2e7ae7203", "size": 935, "path": "media/graph/graph_summary_0829d50e4b257c848108.graph.json"}, "epoch": 0, "_timestamp": 1688385846.317635, "loss": 1.532830834388733, "accuracy": 0.2293533831834793, "val_loss": 0.41627103090286255, "val_accuracy": 0.2768775522708893, "_runtime": 1208.3549621105194, "_step": 355, "best_val_loss": 0.3306247293949127, "best_epoch": 0, "_wandb": {"runtime": 1207}}