{"graph": {"_type": "graph-file", "sha256": "0829d50e4b257c848108645399dd83c9a8787f8257256f1f63b36fa2e7ae7203", "size": 935, "path": "media/graph/graph_summary_0829d50e4b257c848108.graph.json"}, "epoch": 0, "_timestamp": 1688399469.07834, "loss": 1.4408925771713257, "accuracy": 0.2264060080051422, "val_loss": 0.34823939204216003, "val_accuracy": 0.27000001072883606, "_runtime": 1204.0426590442657, "_step": 319, "best_val_loss": 0.34823939204216003, "best_epoch": 0, "_wandb": {"runtime": 1206}}