{"graph": {"_type": "graph-file", "sha256": "0829d50e4b257c848108645399dd83c9a8787f8257256f1f63b36fa2e7ae7203", "size": 935, "path": "media/graph/graph_summary_0829d50e4b257c848108.graph.json"}, "epoch": 0, "_timestamp": 1688420694.9327538, "loss": 1.3584120273590088, "accuracy": 0.2514607906341553, "val_loss": 0.2336399406194687, "val_accuracy": 0.31057143211364746, "_runtime": 5407.96985578537, "_step": 1223, "best_val_loss": 0.23040878772735596, "best_epoch": 0, "_wandb": {"runtime": 5407}}