{"graph": {"_type": "graph-file", "sha256": "0829d50e4b257c848108645399dd83c9a8787f8257256f1f63b36fa2e7ae7203", "size": 935, "path": "media/graph/graph_summary_0829d50e4b257c848108.graph.json"}, "epoch": 0, "_timestamp": 1688382059.520092, "loss": 2.008882999420166, "accuracy": 0.20427820086479187, "val_loss": 0.35289478302001953, "val_accuracy": 0.27393877506256104, "_runtime": 1204.0589690208435, "_step": 347, "best_val_loss": 0.319489061832428, "best_epoch": 0, "_wandb": {"runtime": 1203}}