{"graph": {"_type": "graph-file", "sha256": "0829d50e4b257c848108645399dd83c9a8787f8257256f1f63b36fa2e7ae7203", "size": 935, "path": "media/graph/graph_summary_0829d50e4b257c848108.graph.json"}, "epoch": 0, "_timestamp": 1688485397.584198, "loss": 1.4494186639785767, "accuracy": 0.2238216996192932, "val_loss": 0.35978156328201294, "val_accuracy": 0.263469398021698, "_runtime": 1206.4557790756226, "_step": 331, "best_val_loss": 0.35978156328201294, "best_epoch": 0, "_wandb": {"runtime": 1209}}