{"graph": {"_type": "graph-file", "sha256": "0829d50e4b257c848108645399dd83c9a8787f8257256f1f63b36fa2e7ae7203", "size": 935, "path": "media/graph/graph_summary_0829d50e4b257c848108.graph.json"}, "epoch": 0, "_timestamp": 1688393625.1025448, "loss": 1.1558855772018433, "accuracy": 0.1509649157524109, "val_loss": 0.35451075434684753, "val_accuracy": 0.17816190421581268, "_runtime": 1095.3479437828064, "_step": 167, "best_val_loss": 0.35451075434684753, "best_epoch": 0, "_wandb": {"runtime": 1095}}