{"graph": {"_type": "graph-file", "sha256": "0829d50e4b257c848108645399dd83c9a8787f8257256f1f63b36fa2e7ae7203", "size": 935, "path": "media/graph/graph_summary_0829d50e4b257c848108.graph.json"}, "epoch": 0, "_timestamp": 1688379270.0151029, "loss": 0.9703229069709778, "accuracy": 0.22568313777446747, "val_loss": 0.4330136775970459, "val_accuracy": 0.24281632900238037, "_runtime": 1031.3740417957306, "_step": 354, "best_val_loss": 0.4291207790374756, "best_epoch": 0, "_wandb": {"runtime": 1031}}