{"graph": {"_type": "graph-file", "sha256": "0829d50e4b257c848108645399dd83c9a8787f8257256f1f63b36fa2e7ae7203", "size": 935, "path": "media/graph/graph_summary_0829d50e4b257c848108.graph.json"}, "epoch": 0, "_timestamp": 1688569783.14548, "loss": 1.443642258644104, "accuracy": 0.22420838475227356, "val_loss": 0.357541561126709, "val_accuracy": 0.2686326503753662, "_runtime": 1209.3043220043182, "_step": 319, "best_val_loss": 0.3506462574005127, "best_epoch": 0, "_wandb": {"runtime": 1208}}