{"graph": {"_type": "graph-file", "sha256": "0829d50e4b257c848108645399dd83c9a8787f8257256f1f63b36fa2e7ae7203", "size": 935, "path": "media/graph/graph_summary_0829d50e4b257c848108.graph.json"}, "epoch": 0, "_timestamp": 1688380187.013042, "loss": 4.5736541748046875, "accuracy": 0.11628356575965881, "val_loss": 3.328620433807373, "val_accuracy": 0.13428571820259094, "_runtime": 837.8697600364685, "_step": 215, "best_val_loss": 0.35796213150024414, "best_epoch": 0, "_wandb": {"runtime": 839}}