{"graph": {"_type": "graph-file", "sha256": "0829d50e4b257c848108645399dd83c9a8787f8257256f1f63b36fa2e7ae7203", "size": 935, "path": "media/graph/graph_summary_0829d50e4b257c848108.graph.json"}, "epoch": 0, "_timestamp": 1687879137.2907288, "loss": 3.163390636444092, "accuracy": 0.11622986197471619, "val_loss": 0.6988105177879333, "val_accuracy": 0.2154693901538849, "_runtime": 611.454051733017, "_step": 19, "best_val_loss": 0.6988105177879333, "best_epoch": 0, "_wandb": {"runtime": 619}}