{"graph": {"_type": "graph-file", "sha256": "0829d50e4b257c848108645399dd83c9a8787f8257256f1f63b36fa2e7ae7203", "size": 935, "path": "media/graph/graph_summary_0829d50e4b257c848108.graph.json"}, "epoch": 0, "_timestamp": 1688395841.936726, "loss": 1.6782327890396118, "accuracy": 0.1488356590270996, "val_loss": 0.6785559058189392, "val_accuracy": 0.17508162558078766, "_runtime": 539.0699961185455, "_step": 131, "best_val_loss": 0.6709381341934204, "best_epoch": 0, "_wandb": {"runtime": 539}}