{"graph": {"_type": "graph-file", "sha256": "0829d50e4b257c848108645399dd83c9a8787f8257256f1f63b36fa2e7ae7203", "size": 935, "path": "media/graph/graph_summary_0829d50e4b257c848108.graph.json"}, "epoch": 0, "_timestamp": 1688380607.9657972, "loss": 1.8288447856903076, "accuracy": 0.1781611144542694, "val_loss": 0.495723158121109, "val_accuracy": 0.22628571093082428, "_runtime": 368.81675124168396, "_step": 88, "best_val_loss": 0.495723158121109, "best_epoch": 0, "_wandb": {"runtime": 368}}