{"graph": {"_type": "graph-file", "sha256": "b9583cba0e3697ab071598a1cca44158efdb6c913d050ee11505fe3ad2edc613", "size": 878, "path": "media/graph/graph_summary_b9583cba0e3697ab0715.graph.json"}, "epoch": 0, "_timestamp": 1688576151.9598038, "loss": 1.3853724002838135, "accuracy": 0.2376745492219925, "val_loss": 0.28896471858024597, "val_accuracy": 0.28197959065437317, "_runtime": 1205.3819077014923, "_step": 319, "best_val_loss": 0.28469252586364746, "best_epoch": 0, "_wandb": {"runtime": 1204}}