{"graph": {"_type": "graph-file", "sha256": "4ad1c27c4d239277a9433d057ce1f81c52a59d7407f98474ee3772476ff6dd44", "size": 1140, "path": "media/graph/graph_summary_4ad1c27c4d239277a943.graph.json"}, "epoch": 0, "_timestamp": 1688375094.770837, "loss": 1.768165946006775, "accuracy": 0.12316111475229263, "val_loss": 5.25936222076416, "val_accuracy": 0.0260408166795969, "_runtime": 172.7378580570221, "_step": 52, "best_val_loss": 1.808892846107483, "best_epoch": 0, "_wandb": {"runtime": 173}}