{"graph": {"_type": "graph-file", "sha256": "0829d50e4b257c848108645399dd83c9a8787f8257256f1f63b36fa2e7ae7203", "size": 935, "path": "media/graph/graph_summary_0829d50e4b257c848108.graph.json"}, "epoch": 0, "_timestamp": 1688475546.294765, "loss": 1.352745532989502, "accuracy": 0.2544693946838379, "val_loss": 0.23000429570674896, "val_accuracy": 0.3059999942779541, "_runtime": 5396.542884111404, "_step": 1523, "best_val_loss": 0.22449998557567596, "best_epoch": 0, "_wandb": {"runtime": 5396}}