{"graph": {"_type": "graph-file", "sha256": "81d81d1ffee3d5c34f965ebbf4355002ee628f6fbb4cea6ded33f32415dd39d0", "size": 1319, "path": "media/graph/graph_summary_81d81d1ffee3d5c34f96.graph.json"}, "epoch": 0, "_timestamp": 1688405475.417351, "loss": 1.6086581945419312, "accuracy": 0.18424490094184875, "val_loss": 0.5634580850601196, "val_accuracy": 0.212877556681633, "_runtime": 1208.0211191177368, "_step": 207, "best_val_loss": 0.5600241422653198, "best_epoch": 0, "_wandb": {"runtime": 1207}}