{"graph": {"_type": "graph-file", "sha256": "0829d50e4b257c848108645399dd83c9a8787f8257256f1f63b36fa2e7ae7203", "size": 935, "path": "media/graph/graph_summary_0829d50e4b257c848108.graph.json"}, "epoch": 0, "_timestamp": 1687689571.6355672, "loss": 3.0985894203186035, "accuracy": 0.14016111195087433, "val_loss": 0.5321263074874878, "val_accuracy": 0.2677959203720093, "_runtime": 525.0375392436981, "_step": 39, "best_val_loss": 0.5321263074874878, "best_epoch": 0, "_wandb": {"runtime": 532}}