{"graph": {"_type": "graph-file", "sha256": "0829d50e4b257c848108645399dd83c9a8787f8257256f1f63b36fa2e7ae7203", "size": 935, "path": "media/graph/graph_summary_0829d50e4b257c848108.graph.json"}, "epoch": 0, "_timestamp": 1688567381.9541671, "loss": 1.448326826095581, "accuracy": 0.223352313041687, "val_loss": 0.3685878813266754, "val_accuracy": 0.26734694838523865, "_runtime": 1239.9987061023712, "_step": 319, "best_val_loss": 0.36191919445991516, "best_epoch": 0, "_wandb": {"runtime": 1239}}