{"graph": {"_type": "graph-file", "sha256": "0829d50e4b257c848108645399dd83c9a8787f8257256f1f63b36fa2e7ae7203", "size": 935, "path": "media/graph/graph_summary_0829d50e4b257c848108.graph.json"}, "epoch": 0, "_timestamp": 1688504366.068785, "loss": 1.446101427078247, "accuracy": 0.22763265669345856, "val_loss": 0.3574713170528412, "val_accuracy": 0.27391836047172546, "_runtime": 1200.3617000579834, "_step": 331, "best_val_loss": 0.3494569957256317, "best_epoch": 0, "_wandb": {"runtime": 1199}}