{"graph": {"_type": "graph-file", "sha256": "5bee533b7720cd4868366df1007c17044fe640d5bd483aef983e3f2b8a329b7d", "size": 937, "path": "media/graph/graph_summary_5bee533b7720cd486836.graph.json"}, "epoch": 0, "_timestamp": 1688402992.010315, "loss": 2.1398251056671143, "accuracy": 0.15703867375850677, "val_loss": 0.5716449618339539, "val_accuracy": 0.20579591393470764, "_runtime": 377.77540493011475, "_step": 58, "best_val_loss": 0.5716449618339539, "best_epoch": 0, "_wandb": {"runtime": 382}}