{"graph": {"_type": "graph-file", "sha256": "0829d50e4b257c848108645399dd83c9a8787f8257256f1f63b36fa2e7ae7203", "size": 935, "path": "media/graph/graph_summary_0829d50e4b257c848108.graph.json"}, "epoch": 0, "_timestamp": 1688571263.239796, "loss": 1.396730899810791, "accuracy": 0.23852095007896423, "val_loss": 0.31368136405944824, "val_accuracy": 0.2846734821796417, "_runtime": 1192.173094034195, "_step": 319, "best_val_loss": 0.30938830971717834, "best_epoch": 0, "_wandb": {"runtime": 1191}}