{"graph": {"_type": "graph-file", "sha256": "0829d50e4b257c848108645399dd83c9a8787f8257256f1f63b36fa2e7ae7203", "size": 935, "path": "media/graph/graph_summary_0829d50e4b257c848108.graph.json"}, "epoch": 0, "_timestamp": 1688564266.225379, "loss": 1.4471616744995117, "accuracy": 0.23195917904376984, "val_loss": 0.36079341173171997, "val_accuracy": 0.27502042055130005, "_runtime": 1069.970771074295, "_step": 319, "best_val_loss": 0.32189175486564636, "best_epoch": 0, "_wandb": {"runtime": 1068}}