{"graph": {"_type": "graph-file", "sha256": "0829d50e4b257c848108645399dd83c9a8787f8257256f1f63b36fa2e7ae7203", "size": 935, "path": "media/graph/graph_summary_0829d50e4b257c848108.graph.json"}, "epoch": 0, "_timestamp": 1688376368.4922502, "loss": 2.072697639465332, "accuracy": 0.17283888161182404, "val_loss": 0.45934540033340454, "val_accuracy": 0.22883673012256622, "_runtime": 1193.629328250885, "_step": 323, "best_val_loss": 0.45934540033340454, "best_epoch": 0, "_wandb": {"runtime": 1196}}