{"graph": {"_type": "graph-file", "sha256": "0829d50e4b257c848108645399dd83c9a8787f8257256f1f63b36fa2e7ae7203", "size": 935, "path": "media/graph/graph_summary_0829d50e4b257c848108.graph.json"}, "epoch": 0, "_timestamp": 1688469575.202303, "loss": 1.4510027170181274, "accuracy": 0.22532115876674652, "val_loss": 0.3512977957725525, "val_accuracy": 0.2767959237098694, "_runtime": 1199.7654328346252, "_step": 323, "best_val_loss": 0.3512977957725525, "best_epoch": 0, "_wandb": {"runtime": 1202}}