{"graph": {"_type": "graph-file", "sha256": "0829d50e4b257c848108645399dd83c9a8787f8257256f1f63b36fa2e7ae7203", "size": 935, "path": "media/graph/graph_summary_0829d50e4b257c848108.graph.json"}, "epoch": 0, "_timestamp": 1688391376.733338, "loss": 1.4492636919021606, "accuracy": 0.22200967371463776, "val_loss": 0.3708369731903076, "val_accuracy": 0.26804080605506897, "_runtime": 1199.771917104721, "_step": 299, "best_val_loss": 0.36821913719177246, "best_epoch": 0, "_wandb": {"runtime": 1199}}