{"graph": {"_type": "graph-file", "sha256": "0829d50e4b257c848108645399dd83c9a8787f8257256f1f63b36fa2e7ae7203", "size": 935, "path": "media/graph/graph_summary_0829d50e4b257c848108.graph.json"}, "epoch": 0, "_timestamp": 1688561627.500787, "loss": 1.460358738899231, "accuracy": 0.22016648948192596, "val_loss": 0.3809211254119873, "val_accuracy": 0.2620816230773926, "_runtime": 1230.6903939247131, "_step": 319, "best_val_loss": 0.3748498558998108, "best_epoch": 0, "_wandb": {"runtime": 1230}}