{"graph": {"_type": "graph-file", "sha256": "0829d50e4b257c848108645399dd83c9a8787f8257256f1f63b36fa2e7ae7203", "size": 935, "path": "media/graph/graph_summary_0829d50e4b257c848108.graph.json"}, "epoch": 0, "_timestamp": 1687878415.9277978, "loss": 3.1018991470336914, "accuracy": 0.13676907122135162, "val_loss": 0.5557454824447632, "val_accuracy": 0.260163277387619, "_runtime": 602.3204028606415, "_step": 47, "best_val_loss": 0.5557454824447632, "best_epoch": 0, "_wandb": {"runtime": 610}}