{"graph": {"_type": "graph-file", "sha256": "6207f3a9f2c995941e12b70b9ec616bee367e3e16d9801cb9df6d3310f42587d", "size": 937, "path": "media/graph/graph_summary_6207f3a9f2c995941e12.graph.json"}, "epoch": 0, "_timestamp": 1688372514.117391, "loss": 1.2093480825424194, "accuracy": 0.05095810815691948, "val_loss": 1.0965206623077393, "val_accuracy": 0.053183674812316895, "_runtime": 383.7760531902313, "_step": 112, "best_val_loss": 1.0819264650344849, "best_epoch": 0, "_wandb": {"runtime": 385}}