{"graph": {"_type": "graph-file", "sha256": "0829d50e4b257c848108645399dd83c9a8787f8257256f1f63b36fa2e7ae7203", "size": 935, "path": "media/graph/graph_summary_0829d50e4b257c848108.graph.json"}, "epoch": 0, "_timestamp": 1688397145.373172, "loss": 1.4619154930114746, "accuracy": 0.2232663780450821, "val_loss": 0.3773219585418701, "val_accuracy": 0.26328572630882263, "_runtime": 1200.8317210674286, "_step": 307, "best_val_loss": 0.3752327561378479, "best_epoch": 0, "_wandb": {"runtime": 1200}}