{"graph": {"_type": "graph-file", "sha256": "0829d50e4b257c848108645399dd83c9a8787f8257256f1f63b36fa2e7ae7203", "size": 935, "path": "media/graph/graph_summary_0829d50e4b257c848108.graph.json"}, "epoch": 0, "_timestamp": 1688557049.549945, "loss": 1.437316656112671, "accuracy": 0.22296026349067688, "val_loss": 0.7706792950630188, "val_accuracy": 0.23846939206123352, "_runtime": 1140.5429561138153, "_step": 319, "best_val_loss": 0.6701419949531555, "best_epoch": 0, "_wandb": {"runtime": 1140}}