{"graph": {"_type": "graph-file", "sha256": "0829d50e4b257c848108645399dd83c9a8787f8257256f1f63b36fa2e7ae7203", "size": 935, "path": "media/graph/graph_summary_0829d50e4b257c848108.graph.json"}, "epoch": 0, "_timestamp": 1688572465.142012, "loss": 2.1300482749938965, "accuracy": 0.06216970831155777, "val_loss": 1.2345491647720337, "val_accuracy": 0.06755101680755615, "_runtime": 1117.0051097869873, "_step": 319, "best_val_loss": 1.2107243537902832, "best_epoch": 0, "_wandb": {"runtime": 1116}}