{"graph": {"_type": "graph-file", "sha256": "0829d50e4b257c848108645399dd83c9a8787f8257256f1f63b36fa2e7ae7203", "size": 935, "path": "media/graph/graph_summary_0829d50e4b257c848108.graph.json"}, "epoch": 0, "_timestamp": 1688506620.553325, "loss": 1.4407048225402832, "accuracy": 0.22570998966693878, "val_loss": 0.3721400499343872, "val_accuracy": 0.26473468542099, "_runtime": 1196.959154844284, "_step": 319, "best_val_loss": 0.34589913487434387, "best_epoch": 0, "_wandb": {"runtime": 1196}}