{"graph": {"_type": "graph-file", "sha256": "0829d50e4b257c848108645399dd83c9a8787f8257256f1f63b36fa2e7ae7203", "size": 935, "path": "media/graph/graph_summary_0829d50e4b257c848108.graph.json"}, "epoch": 0, "_timestamp": 1688486678.265936, "loss": 1.4607079029083252, "accuracy": 0.22610633075237274, "val_loss": 0.3513656258583069, "val_accuracy": 0.2688163220882416, "_runtime": 1204.6344058513641, "_step": 331, "best_val_loss": 0.34461578726768494, "best_epoch": 0, "_wandb": {"runtime": 1204}}