{"graph": {"_type": "graph-file", "sha256": "0829d50e4b257c848108645399dd83c9a8787f8257256f1f63b36fa2e7ae7203", "size": 935, "path": "media/graph/graph_summary_0829d50e4b257c848108.graph.json"}, "epoch": 0, "_timestamp": 1688402406.420636, "loss": 2.1930840015411377, "accuracy": 0.13874435424804688, "val_loss": 0.660417914390564, "val_accuracy": 0.18032653629779816, "_runtime": 283.3473780155182, "_step": 63, "best_val_loss": 0.660417914390564, "best_epoch": 0, "_wandb": {"runtime": 286}}