{"graph": {"_type": "graph-file", "sha256": "0829d50e4b257c848108645399dd83c9a8787f8257256f1f63b36fa2e7ae7203", "size": 935, "path": "media/graph/graph_summary_0829d50e4b257c848108.graph.json"}, "epoch": 0, "_timestamp": 1688573703.443413, "loss": 2.3111228942871094, "accuracy": 0.05268098786473274, "val_loss": 1.4114351272583008, "val_accuracy": 0.05634693801403046, "_runtime": 1112.443922996521, "_step": 319, "best_val_loss": 1.4016863107681274, "best_epoch": 0, "_wandb": {"runtime": 1111}}