{"graph": {"_type": "graph-file", "sha256": "0829d50e4b257c848108645399dd83c9a8787f8257256f1f63b36fa2e7ae7203", "size": 935, "path": "media/graph/graph_summary_0829d50e4b257c848108.graph.json"}, "epoch": 0, "_timestamp": 1687881325.341562, "loss": 3.1100552082061768, "accuracy": 0.13280880451202393, "val_loss": 0.582778811454773, "val_accuracy": 0.2532040774822235, "_runtime": 1291.9307370185852, "_step": 43, "best_val_loss": 0.582778811454773, "best_epoch": 0, "_wandb": {"runtime": 1299}}