{"graph": {"_type": "graph-file", "sha256": "0829d50e4b257c848108645399dd83c9a8787f8257256f1f63b36fa2e7ae7203", "size": 935, "path": "media/graph/graph_summary_0829d50e4b257c848108.graph.json"}, "epoch": 0, "_timestamp": 1688565871.904952, "loss": 1.4615041017532349, "accuracy": 0.22102148830890656, "val_loss": 0.3798944056034088, "val_accuracy": 0.2666734755039215, "_runtime": 1180.2188501358032, "_step": 319, "best_val_loss": 0.3627755045890808, "best_epoch": 0, "_wandb": {"runtime": 1179}}