{"graph": {"_type": "graph-file", "sha256": "0829d50e4b257c848108645399dd83c9a8787f8257256f1f63b36fa2e7ae7203", "size": 935, "path": "media/graph/graph_summary_0829d50e4b257c848108.graph.json"}, "epoch": 0, "_timestamp": 1688378144.985057, "loss": 2.0891196727752686, "accuracy": 0.165630504488945, "val_loss": 0.4869779646396637, "val_accuracy": 0.2232857197523117, "_runtime": 1197.8065659999847, "_step": 427, "best_val_loss": 0.47003114223480225, "best_epoch": 0, "_wandb": {"runtime": 1197}}