{"graph": {"_type": "graph-file", "sha256": "0829d50e4b257c848108645399dd83c9a8787f8257256f1f63b36fa2e7ae7203", "size": 935, "path": "media/graph/graph_summary_0829d50e4b257c848108.graph.json"}, "epoch": 0, "_timestamp": 1688488029.744838, "loss": 1.4497302770614624, "accuracy": 0.22495059669017792, "val_loss": 0.3547135293483734, "val_accuracy": 0.2696734666824341, "_runtime": 1193.7840609550476, "_step": 335, "best_val_loss": 0.3547135293483734, "best_epoch": 0, "_wandb": {"runtime": 1195}}