{"graph": {"_type": "graph-file", "sha256": "0829d50e4b257c848108645399dd83c9a8787f8257256f1f63b36fa2e7ae7203", "size": 935, "path": "media/graph/graph_summary_0829d50e4b257c848108.graph.json"}, "epoch": 0, "_timestamp": 1688560326.910115, "loss": 1.5163344144821167, "accuracy": 0.2025230973958969, "val_loss": 0.4666028916835785, "val_accuracy": 0.24322448670864105, "_runtime": 945.097776889801, "_step": 319, "best_val_loss": 0.4521329700946808, "best_epoch": 0, "_wandb": {"runtime": 944}}