{"graph": {"_type": "graph-file", "sha256": "0829d50e4b257c848108645399dd83c9a8787f8257256f1f63b36fa2e7ae7203", "size": 935, "path": "media/graph/graph_summary_0829d50e4b257c848108.graph.json"}, "epoch": 0, "_timestamp": 1687692898.7202485, "loss": 3.0430908203125, "accuracy": 0.15477120876312256, "val_loss": 0.5345785021781921, "val_accuracy": 0.27832654118537903, "_runtime": 313.2233774662018, "_step": 36, "best_val_loss": 0.5146225690841675, "best_epoch": 0, "_wandb": {"runtime": 323}}