{"graph": {"_type": "graph-file", "sha256": "0829d50e4b257c848108645399dd83c9a8787f8257256f1f63b36fa2e7ae7203", "size": 935, "path": "media/graph/graph_summary_0829d50e4b257c848108.graph.json"}, "epoch": 0, "_timestamp": 1688456665.860899, "loss": 1.445011019706726, "accuracy": 0.22599785029888153, "val_loss": 0.3609483242034912, "val_accuracy": 0.2739796042442322, "_runtime": 1198.3085570335388, "_step": 315, "best_val_loss": 0.3459695875644684, "best_epoch": 0, "_wandb": {"runtime": 1196}}