{"graph": {"_type": "graph-file", "sha256": "0829d50e4b257c848108645399dd83c9a8787f8257256f1f63b36fa2e7ae7203", "size": 935, "path": "media/graph/graph_summary_0829d50e4b257c848108.graph.json"}, "epoch": 0, "_timestamp": 1687882834.1947122, "loss": 3.1093850135803223, "accuracy": 0.13144253194332123, "val_loss": 0.5891157388687134, "val_accuracy": 0.2520204186439514, "_runtime": 1218.8101811408997, "_step": 39, "best_val_loss": 0.5891157388687134, "best_epoch": 0, "_wandb": {"runtime": 1226}}