{"graph": {"_type": "graph-file", "sha256": "0829d50e4b257c848108645399dd83c9a8787f8257256f1f63b36fa2e7ae7203", "size": 935, "path": "media/graph/graph_summary_0829d50e4b257c848108.graph.json"}, "epoch": 0, "_timestamp": 1688499115.0645561, "loss": 1.4684455394744873, "accuracy": 0.2170526385307312, "val_loss": 0.39232438802719116, "val_accuracy": 0.2575918436050415, "_runtime": 1213.5425112247467, "_step": 271, "best_val_loss": 0.3859408497810364, "best_epoch": 0, "_wandb": {"runtime": 1213}}