{"graph": {"_type": "graph-file", "sha256": "0829d50e4b257c848108645399dd83c9a8787f8257256f1f63b36fa2e7ae7203", "size": 935, "path": "media/graph/graph_summary_0829d50e4b257c848108.graph.json"}, "epoch": 0, "_timestamp": 1687690157.475712, "loss": 3.2302439212799072, "accuracy": 0.09226100891828537, "val_loss": 0.8740028738975525, "val_accuracy": 0.15926530957221985, "_runtime": 63.83458495140076, "_step": 3, "best_val_loss": 0.8740028738975525, "best_epoch": 0, "_wandb": {"runtime": 70}}