{"graph": {"_type": "graph-file", "sha256": "0829d50e4b257c848108645399dd83c9a8787f8257256f1f63b36fa2e7ae7203", "size": 935, "path": "media/graph/graph_summary_0829d50e4b257c848108.graph.json"}, "epoch": 0, "_timestamp": 1688453757.143408, "loss": 1.448400855064392, "accuracy": 0.2243114858865738, "val_loss": 0.36992233991622925, "val_accuracy": 0.26546940207481384, "_runtime": 1200.7224190235138, "_step": 335, "best_val_loss": 0.35840409994125366, "best_epoch": 0, "_wandb": {"runtime": 1200}}