{"graph": {"_type": "graph-file", "sha256": "0829d50e4b257c848108645399dd83c9a8787f8257256f1f63b36fa2e7ae7203", "size": 935, "path": "media/graph/graph_summary_0829d50e4b257c848108.graph.json"}, "epoch": 0, "_timestamp": 1688455309.54234, "loss": 1.4566080570220947, "accuracy": 0.2212599366903305, "val_loss": 0.3648667335510254, "val_accuracy": 0.2669999897480011, "_runtime": 1204.499918937683, "_step": 323, "best_val_loss": 0.3648667335510254, "best_epoch": 0, "_wandb": {"runtime": 1206}}