{"graph": {"_type": "graph-file", "sha256": "0829d50e4b257c848108645399dd83c9a8787f8257256f1f63b36fa2e7ae7203", "size": 935, "path": "media/graph/graph_summary_0829d50e4b257c848108.graph.json"}, "epoch": 0, "_timestamp": 1687879871.5108843, "loss": 3.158501625061035, "accuracy": 0.11572180688381195, "val_loss": 0.6998888254165649, "val_accuracy": 0.21073469519615173, "_runtime": 616.1017231941223, "_step": 19, "best_val_loss": 0.6998888254165649, "best_epoch": 0, "_wandb": {"runtime": 624}}