{"graph": {"_type": "graph-file", "sha256": "0829d50e4b257c848108645399dd83c9a8787f8257256f1f63b36fa2e7ae7203", "size": 935, "path": "media/graph/graph_summary_0829d50e4b257c848108.graph.json"}, "epoch": 0, "_timestamp": 1687688661.4504626, "loss": 3.0657379627227783, "accuracy": 0.15131255984306335, "val_loss": 0.4941923916339874, "val_accuracy": 0.28348979353904724, "_runtime": 257.77163553237915, "_step": 24, "best_val_loss": 0.48704519867897034, "best_epoch": 0, "_wandb": {"runtime": 260}}