{"graph": {"_type": "graph-file", "sha256": "0829d50e4b257c848108645399dd83c9a8787f8257256f1f63b36fa2e7ae7203", "size": 935, "path": "media/graph/graph_summary_0829d50e4b257c848108.graph.json"}, "epoch": 0, "_timestamp": 1688384522.8847492, "loss": 1.4466420412063599, "accuracy": 0.22696885466575623, "val_loss": 0.3444499373435974, "val_accuracy": 0.2735714316368103, "_runtime": 1208.0865852832794, "_step": 351, "best_val_loss": 0.3287941813468933, "best_epoch": 0, "_wandb": {"runtime": 1207}}