{"graph": {"_type": "graph-file", "sha256": "0829d50e4b257c848108645399dd83c9a8787f8257256f1f63b36fa2e7ae7203", "size": 935, "path": "media/graph/graph_summary_0829d50e4b257c848108.graph.json"}, "epoch": 0, "_timestamp": 1688401492.361921, "loss": 1.4506040811538696, "accuracy": 0.22443287074565887, "val_loss": 0.36684662103652954, "val_accuracy": 0.26453059911727905, "_runtime": 1203.7793791294098, "_step": 319, "best_val_loss": 0.36046668887138367, "best_epoch": 0, "_wandb": {"runtime": 1203}}