{"graph": {"_type": "graph-file", "sha256": "0829d50e4b257c848108645399dd83c9a8787f8257256f1f63b36fa2e7ae7203", "size": 935, "path": "media/graph/graph_summary_0829d50e4b257c848108.graph.json"}, "epoch": 0, "_timestamp": 1688554226.376853, "loss": 1.4570770263671875, "accuracy": 0.22238776087760925, "val_loss": 0.3617749810218811, "val_accuracy": 0.2723061144351959, "_runtime": 1163.2477140426636, "_step": 319, "best_val_loss": 0.3617749810218811, "best_epoch": 0, "_wandb": {"runtime": 1165}}