{"graph": {"_type": "graph-file", "sha256": "0829d50e4b257c848108645399dd83c9a8787f8257256f1f63b36fa2e7ae7203", "size": 935, "path": "media/graph/graph_summary_0829d50e4b257c848108.graph.json"}, "epoch": 0, "_timestamp": 1687686625.6454659, "loss": 3.070142984390259, "accuracy": 0.14568957686424255, "val_loss": 0.49962979555130005, "val_accuracy": 0.27910202741622925, "_runtime": 371.4075677394867, "_step": 19, "best_val_loss": 0.4971616566181183, "best_epoch": 0, "_wandb": {"runtime": 371}}